Tipo,Data de emissão,Fornecedor,N° da NF,V. Total da NF,Data de Vencimento,ICMS,COFINS,PIS,IPI
C,2025-11-01,Fornecedor A,12345,1500.00,2025-11-30,270.00,45.00,22.50,75.00
C,2025-11-05,Fornecedor B,12346,2500.00,2025-12-05,450.00,75.00,37.50,125.00
C,2025-11-10,Fornecedor C,12347,3500.00,2025-12-10,630.00,105.00,52.50,175.00
S,2025-11-15,Eletricista A,54321,1000.00,2025-12-15,0.00,0.00,0.00,0.00
S,2025-11-20,Mecanico B,54322,2000.00,2025-12-20,0.00,0.00,0.00,0.00
S,2025-11-25,Consultoria C,54323,3000.00,2025-12-25,0.00,0.00,0.00,0.00
D,2025-11-30,Enel,67890,4000.00,2025-12-30,640.00,120.00,60.00,200.00
D,2025-12-05,Sabesp,67891,5000.00,2026-01-05,800.00,150.00,75.00,250.00
D,2025-12-10,Telefonica,67892,6000.00,2026-01-10,960.00,180.00,90.00,300.00
